Workbook

Sheet 총점 성장 요약
A1: 구성관 반 · 시험 수준별 총점 성장
A3: ■ 시험이 고1 → 고2(으)로 어려워지는데도, 그룹별 반 평균 총점은 고1 80.4점 → 고2 86.8점으로 계속 올랐습니다.
A4: ■ 중1 첫 고1 모의고사 반 평균은 67.0점이었습니다. 마지막 그룹 평균은 그보다 +19.8점 높습니다.
A5: ■ 학생 4명 중 4명(구성관, 송지효, 신준섭, 박주연)은 그룹이 올라갈 때마다 평균 점수도 올랐습니다.
A6: ■ 그룹 평균 = 그 수준 시험을 본 모든 회차 점수의 평균. 각 그룹 시트에 시험별 점수와 첫 시험 → 마지막 시험 변화가 있습니다.
A8: 학생 | B8: 중1 첫 시험 | C8: 고1 모의고사 평균 | D8: 고2 모의고사 평균 | E8: 첫 시험 → 마지막 그룹 평균
A9: 구성관 | B9: ='고1 모의고사'!B9 -> 71 | C9: ='고1 모의고사'!L9 -> 82.142857 | D9: ='고2 모의고사'!I10 -> 94 | E9: =D9-B9 -> 23
A10: 송지효 | B10: ='고1 모의고사'!B10 -> 58 | C10: ='고1 모의고사'!L10 -> 85.714286 | D10: ='고2 모의고사'!I11 -> 91.5 | E10: =D10-B10 -> 33.5
A11: 신준섭 | B11: ='고1 모의고사'!B11 -> 70 | C11: ='고1 모의고사'!L11 -> 76.142857 | D11: ='고2 모의고사'!I12 -> 83.5 | E11: =D11-B11 -> 13.5
A12: 박주연 | B12: ='고1 모의고사'!B12 -> 69 | C12: ='고1 모의고사'!L12 -> 77.428571 | D12: ='고2 모의고사'!I13 -> 78.25 | E12: =D12-B12 -> 9.25
A13: 반 평균 | B13: ='고1 모의고사'!B13 -> 67 | C13: ='고1 모의고사'!L13 -> 80.357143 | D13: ='고2 모의고사'!I14 -> 86.8125 | E13: =D13-B13 -> 19.8125
A15: 등급 기준: 90점 이상 1등급, 80~89점 2등급, 70~79점 3등급, 60~69점 4등급 · 파란 글씨 = 성적표 입력값, 초록 = 다른 시트 값, 검은 = 계산식

Sheet 고1 모의고사
A1: 구성관 반 · 고1 모의고사 총점 변화
A3: ■ 시험 7회: 중1 1차 (2023) 고1, 중1 2차 (2023) 고1, 중1 3차 (2023) 고1, 중1 4차 (2023) 고1, 중1 5차 (2023) 고1, 중2 1차 (2024) 고1, 중2 2차 (2024) 고1
A4: ■ 반 평균 총점: 첫 시험 67.0점 → 마지막 시험 89.0점 (+22.0점)
A5: ■ 등급: 첫 시험 3등급 2명, 4등급 1명, 5등급 1명 → 마지막 시험 1등급 2명, 2등급 1명, 3등급 1명
A6: ■ 가장 많이 오른 학생: 송지효 58점 → 94점 (+36점)
A8: 학생 | B8: 중1 1차 (2023) 고1 | C8: 중1 2차 (2023) 고1 | D8: 중1 3차 (2023) 고1 | E8: 중1 4차 (2023) 고1 | F8: 중1 5차 (2023) 고1 | G8: 중2 1차 (2024) 고1 | H8: 중2 2차 (2024) 고1 | I8: 첫 시험 | J8: 마지막 시험 | K8: 변화 | L8: 평균 | M8: 최고
A9: 구성관 | B9: 71 | C9: 72 | D9: 73 | E9: 83 | F9: 83 | G9: 96 | H9: 97 | I9: =B9 -> 71 | J9: =LOOKUP(9.99E+307,B9:H9) -> 97 | K9: =J9-I9 -> 26 | L9: =AVERAGE(B9:H9) -> 82.142857 | M9: =MAX(B9:H9) -> 97
A10: 송지효 | B10: 58 | C10: 81 | D10: 81 | E10: 92 | F10: 94 | G10: 100 | H10: 94 | I10: =B10 -> 58 | J10: =LOOKUP(9.99E+307,B10:H10) -> 94 | K10: =J10-I10 -> 36 | L10: =AVERAGE(B10:H10) -> 85.714286 | M10: =MAX(B10:H10) -> 100
A11: 신준섭 | B11: 70 | C11: 74 | D11: 70 | E11: 75 | F11: 75 | G11: 90 | H11: 79 | I11: =B11 -> 70 | J11: =LOOKUP(9.99E+307,B11:H11) -> 79 | K11: =J11-I11 -> 9 | L11: =AVERAGE(B11:H11) -> 76.142857 | M11: =MAX(B11:H11) -> 90
A12: 박주연 | B12: 69 | C12: 65 | D12: 71 | E12: 84 | F12: 75 | G12: 92 | H12: 86 | I12: =B12 -> 69 | J12: =LOOKUP(9.99E+307,B12:H12) -> 86 | K12: =J12-I12 -> 17 | L12: =AVERAGE(B12:H12) -> 77.428571 | M12: =MAX(B12:H12) -> 92
A13: 반 평균 | B13: =AVERAGE(B9:B12) -> 67 | C13: =AVERAGE(C9:C12) -> 73 | D13: =AVERAGE(D9:D12) -> 73.75 | E13: =AVERAGE(E9:E12) -> 83.5 | F13: =AVERAGE(F9:F12) -> 81.75 | G13: =AVERAGE(G9:G12) -> 94.5 | H13: =AVERAGE(H9:H12) -> 89 | I13: =B13 -> 67 | J13: =H13 -> 89 | K13: =J13-I13 -> 22 | L13: =AVERAGE(B9:H12) -> 80.357143 | M13: =MAX(B13:H13) -> 94.5
A14: 등급 기준: 90점 이상 1등급, 80~89점 2등급, 70~79점 3등급, 60~69점 4등급 (절대평가)

Sheet 고2 모의고사
A1: 구성관 반 · 고2 모의고사 총점 변화
A3: ■ 시험 4회: 중2 3차 (2024) 고2, 중2 4차 (2024) 고2, 중3 1차 (2025) 고2, 중3 2차 (2025) 고2
A4: ■ 반 평균 총점: 첫 시험 86.0점 → 마지막 시험 86.5점 (+0.5점)
A5: ■ 등급: 첫 시험 1등급 2명, 2등급 1명, 4등급 1명 → 마지막 시험 1등급 2명, 2등급 1명, 3등급 1명
A6: ■ 가장 많이 오른 학생: 박주연 69점 → 85점 (+16점)
A7: ■ 고2 모의고사로 바뀐 첫 시험부터 반 평균 86점(2등급)이었고, 중3 1차에는 92점으로 4명 모두 1~2등급이었습니다.
A9: 학생 | B9: 중2 3차 (2024) 고2 | C9: 중2 4차 (2024) 고2 | D9: 중3 1차 (2025) 고2 | E9: 중3 2차 (2025) 고2 | F9: 첫 시험 | G9: 마지막 시험 | H9: 변화 | I9: 평균 | J9: 최고
A10: 구성관 | B10: 89 | C10: 100 | D10: 95 | E10: 92 | F10: =B10 -> 89 | G10: =LOOKUP(9.99E+307,B10:E10) -> 92 | H10: =G10-F10 -> 3 | I10: =AVERAGE(B10:E10) -> 94 | J10: =MAX(B10:E10) -> 100
A11: 송지효 | B11: 92 | C11: 84 | D11: 95 | E11: 95 | F11: =B11 -> 92 | G11: =LOOKUP(9.99E+307,B11:E11) -> 95 | H11: =G11-F11 -> 3 | I11: =AVERAGE(B11:E11) -> 91.5 | J11: =MAX(B11:E11) -> 95
A12: 신준섭 | B12: 94 | C12: 77 | D12: 89 | E12: 74 | F12: =B12 -> 94 | G12: =LOOKUP(9.99E+307,B12:E12) -> 74 | H12: =G12-F12 -> -20 | I12: =AVERAGE(B12:E12) -> 83.5 | J12: =MAX(B12:E12) -> 94
A13: 박주연 | B13: 69 | C13: 70 | D13: 89 | E13: 85 | F13: =B13 -> 69 | G13: =LOOKUP(9.99E+307,B13:E13) -> 85 | H13: =G13-F13 -> 16 | I13: =AVERAGE(B13:E13) -> 78.25 | J13: =MAX(B13:E13) -> 89
A14: 반 평균 | B14: =AVERAGE(B10:B13) -> 86 | C14: =AVERAGE(C10:C13) -> 82.75 | D14: =AVERAGE(D10:D13) -> 92 | E14: =AVERAGE(E10:E13) -> 86.5 | F14: =B14 -> 86 | G14: =E14 -> 86.5 | H14: =G14-F14 -> 0.5 | I14: =AVERAGE(B10:E13) -> 86.8125 | J14: =MAX(B14:E14) -> 92
A15: 등급 기준: 90점 이상 1등급, 80~89점 2등급, 70~79점 3등급, 60~69점 4등급 (절대평가)
