Workbook

Sheet 총점 성장 요약
A1: 김건희 반 · 시험 수준별 총점 성장
A3: ■ 시험이 고1 → 고2 → 고3·수능(으)로 어려워지는데도, 그룹별 반 평균 총점은 고1 77.1점 → 고2 82.9점 → 고3+수능 86.3점으로 계속 올랐습니다.
A4: ■ 중1 첫 고1 모의고사 반 평균은 62.8점이었습니다. 마지막 그룹 평균은 그보다 +23.5점 높습니다.
A5: ■ 학생 4명 중 3명(김건희, 안도후, 안동휘)은 그룹이 올라갈 때마다 평균 점수도 올랐습니다.
A6: ■ 나머지: 나민하(74.9 → 83.3 → 74.0) — 그룹 안에서 시험마다 점수 차이가 큰 학생입니다.
A7: ■ 그룹 평균 = 그 수준 시험을 본 모든 회차 점수의 평균. 각 그룹 시트에 시험별 점수와 첫 시험 → 마지막 시험 변화가 있습니다.
A9: 학생 | B9: 중1 첫 시험 | C9: 고1 모의고사 평균 | D9: 고2 모의고사 평균 | E9: 고3 모의고사+수능 평균 | F9: 첫 시험 → 마지막 그룹 평균
A10: 김건희 | B10: ='고1 모의고사'!B10 -> 69 | C10: ='고1 모의고사'!L10 -> 80 | D10: ='고2 모의고사'!I10 -> 84.25 | E10: ='고3 모의고사·수능'!G10 -> 87 | F10: =E10-B10 -> 18
A11: 안도후 | B11: ='고1 모의고사'!B11 -> 67 | C11: ='고1 모의고사'!L11 -> 78 | D11: ='고2 모의고사'!I11 -> 79.5 | E11: ='고3 모의고사·수능'!G11 -> 88 | F11: =E11-B11 -> 21
A12: 안동휘 | B12: ='고1 모의고사'!B12 -> 58 | C12: ='고1 모의고사'!L12 -> 75.428571 | D12: ='고2 모의고사'!I12 -> 84.75 | E12: ='고3 모의고사·수능'!G12 -> 90 | F12: =E12-B12 -> 32
A13: 나민하 | B13: ='고1 모의고사'!B13 -> 57 | C13: ='고1 모의고사'!L13 -> 74.857143 | D13: ='고2 모의고사'!I13 -> 83.25 | E13: ='고3 모의고사·수능'!G13 -> 74 | F13: =E13-B13 -> 17
A14: 반 평균 | B14: ='고1 모의고사'!B14 -> 62.75 | C14: ='고1 모의고사'!L14 -> 77.071429 | D14: ='고2 모의고사'!I14 -> 82.9375 | E14: ='고3 모의고사·수능'!G14 -> 86.285714 | F14: =E14-B14 -> 23.535714
A16: 등급 기준: 90점 이상 1등급, 80~89점 2등급, 70~79점 3등급, 60~69점 4등급 · 파란 글씨 = 성적표 입력값, 초록 = 다른 시트 값, 검은 = 계산식

Sheet 고1 모의고사
A1: 김건희 반 · 고1 모의고사 총점 변화
A3: ■ 시험 7회: 중1 1차 (2020) 고1, 중1 2차 (2020) 고1, 중1 3차 (2020) 고1, 중1 4차 (2020) 고1, 중1 5차 (2020) 고1, 중2 1차 (2021) 수준 표기 없음, 중2 2차 (2021) 수준 표기 없음
A4: ■ 반 평균 총점: 첫 시험 62.8점 → 마지막 시험 91.3점 (+28.5점)
A5: ■ 등급: 첫 시험 4등급 2명, 5등급 2명 → 마지막 시험 1등급 3명, 2등급 1명
A6: ■ 가장 많이 오른 학생: 안동휘 58점 → 90점 (+32점)
A7: ■ 중2 1·2차는 성적표에 시험 수준 표기가 없어 고1 모의고사로 분류했습니다 (3차부터 "고2 모의고사" 표기).
A9: 학생 | B9: 중1 1차 (2020) 고1 | C9: 중1 2차 (2020) 고1 | D9: 중1 3차 (2020) 고1 | E9: 중1 4차 (2020) 고1 | F9: 중1 5차 (2020) 고1 | G9: 중2 1차 (2021) 수준 표기 없음 | H9: 중2 2차 (2021) 수준 표기 없음 | I9: 첫 시험 | J9: 마지막 시험 | K9: 변화 | L9: 평균 | M9: 최고
A10: 김건희 | B10: 69 | C10: 75 | D10: 76 | E10: 90 | F10: 73 | G10: 82 | H10: 95 | I10: =B10 -> 69 | J10: =LOOKUP(9.99E+307,B10:H10) -> 95 | K10: =J10-I10 -> 26 | L10: =AVERAGE(B10:H10) -> 80 | M10: =MAX(B10:H10) -> 95
A11: 안도후 | B11: 67 | C11: 66 | D11: 72 | E11: 81 | F11: 84 | G11: 83 | H11: 93 | I11: =B11 -> 67 | J11: =LOOKUP(9.99E+307,B11:H11) -> 93 | K11: =J11-I11 -> 26 | L11: =AVERAGE(B11:H11) -> 78 | M11: =MAX(B11:H11) -> 93
A12: 안동휘 | B12: 58 | C12: 73 | D12: 75 | E12: 78 | F12: 77 | G12: 77 | H12: 90 | I12: =B12 -> 58 | J12: =LOOKUP(9.99E+307,B12:H12) -> 90 | K12: =J12-I12 -> 32 | L12: =AVERAGE(B12:H12) -> 75.428571 | M12: =MAX(B12:H12) -> 90
A13: 나민하 | B13: 57 | C13: 79 | D13: 76 | E13: 71 | F13: 80 | G13: 74 | H13: 87 | I13: =B13 -> 57 | J13: =LOOKUP(9.99E+307,B13:H13) -> 87 | K13: =J13-I13 -> 30 | L13: =AVERAGE(B13:H13) -> 74.857143 | M13: =MAX(B13:H13) -> 87
A14: 반 평균 | B14: =AVERAGE(B10:B13) -> 62.75 | C14: =AVERAGE(C10:C13) -> 73.25 | D14: =AVERAGE(D10:D13) -> 74.75 | E14: =AVERAGE(E10:E13) -> 80 | F14: =AVERAGE(F10:F13) -> 78.5 | G14: =AVERAGE(G10:G13) -> 79 | H14: =AVERAGE(H10:H13) -> 91.25 | I14: =B14 -> 62.75 | J14: =H14 -> 91.25 | K14: =J14-I14 -> 28.5 | L14: =AVERAGE(B10:H13) -> 77.071429 | M14: =MAX(B14:H14) -> 91.25
A15: 등급 기준: 90점 이상 1등급, 80~89점 2등급, 70~79점 3등급, 60~69점 4등급 (절대평가)

Sheet 고2 모의고사
A1: 김건희 반 · 고2 모의고사 총점 변화
A3: ■ 시험 4회: 중2 3차 (2021) 고2, 중2 4차 (2021) 고2, 중3 1차 (2022) 고2, 중3 2차 (2022) 고2
A4: ■ 반 평균 총점: 첫 시험 83.3점 → 마지막 시험 84.3점 (+1.0점)
A5: ■ 등급: 첫 시험 2등급 4명 → 마지막 시험 2등급 4명
A6: ■ 가장 많이 오른 학생: 안동휘 80점 → 87점 (+7점)
A7: ■ 고2 모의고사는 고1보다 어렵지만 첫 시험부터 4명 모두 2등급이었고, 4번 내내 반 평균 81점 이상을 유지했습니다.
A9: 학생 | B9: 중2 3차 (2021) 고2 | C9: 중2 4차 (2021) 고2 | D9: 중3 1차 (2022) 고2 | E9: 중3 2차 (2022) 고2 | F9: 첫 시험 | G9: 마지막 시험 | H9: 변화 | I9: 평균 | J9: 최고
A10: 김건희 | B10: 87 | C10: 86 | D10: 80 | E10: 84 | F10: =B10 -> 87 | G10: =LOOKUP(9.99E+307,B10:E10) -> 84 | H10: =G10-F10 -> -3 | I10: =AVERAGE(B10:E10) -> 84.25 | J10: =MAX(B10:E10) -> 87
A11: 안도후 | B11: 82 | C11: 77 | D11: 79 | E11: 80 | F11: =B11 -> 82 | G11: =LOOKUP(9.99E+307,B11:E11) -> 80 | H11: =G11-F11 -> -2 | I11: =AVERAGE(B11:E11) -> 79.5 | J11: =MAX(B11:E11) -> 82
A12: 안동휘 | B12: 80 | C12: 81 | D12: 91 | E12: 87 | F12: =B12 -> 80 | G12: =LOOKUP(9.99E+307,B12:E12) -> 87 | H12: =G12-F12 -> 7 | I12: =AVERAGE(B12:E12) -> 84.75 | J12: =MAX(B12:E12) -> 91
A13: 나민하 | B13: 84 | C13: 89 | D13: 74 | E13: 86 | F13: =B13 -> 84 | G13: =LOOKUP(9.99E+307,B13:E13) -> 86 | H13: =G13-F13 -> 2 | I13: =AVERAGE(B13:E13) -> 83.25 | J13: =MAX(B13:E13) -> 89
A14: 반 평균 | B14: =AVERAGE(B10:B13) -> 83.25 | C14: =AVERAGE(C10:C13) -> 83.25 | D14: =AVERAGE(D10:D13) -> 81 | E14: =AVERAGE(E10:E13) -> 84.25 | F14: =B14 -> 83.25 | G14: =E14 -> 84.25 | H14: =G14-F14 -> 1 | I14: =AVERAGE(B10:E13) -> 82.9375 | J14: =MAX(B14:E14) -> 84.25
A15: 등급 기준: 90점 이상 1등급, 80~89점 2등급, 70~79점 3등급, 60~69점 4등급 (절대평가)

Sheet 고3 모의고사·수능
A1: 김건희 반 · 고3 모의고사+수능 총점 변화
A3: ■ 시험 2회: 중3 3차 (2022) 고3, 중3 4차 (2022) 수능
A4: ■ 반 평균 총점: 첫 시험 85.3점 → 마지막 시험 87.7점 (+2.4점)
A5: ■ 등급: 첫 시험 1등급 1명, 2등급 2명, 3등급 1명 → 마지막 시험 2등급 3명
A6: ■ 가장 많이 오른 학생: 김건희 86점 → 88점 (+2점)
A7: ■ 고3 모의고사와 실제 수능 문제에서도 반 평균이 올랐습니다. 나민하는 수능 날이 기말고사 기간이라 응시하지 않았습니다.
A9: 학생 | B9: 중3 3차 (2022) 고3 | C9: 중3 4차 (2022) 수능 | D9: 첫 시험 | E9: 마지막 시험 | F9: 변화 | G9: 평균 | H9: 최고
A10: 김건희 | B10: 86 | C10: 88 | D10: =B10 -> 86 | E10: =LOOKUP(9.99E+307,B10:C10) -> 88 | F10: =E10-D10 -> 2 | G10: =AVERAGE(B10:C10) -> 87 | H10: =MAX(B10:C10) -> 88
A11: 안도후 | B11: 88 | C11: 88 | D11: =B11 -> 88 | E11: =LOOKUP(9.99E+307,B11:C11) -> 88 | F11: =E11-D11 -> 0 | G11: =AVERAGE(B11:C11) -> 88 | H11: =MAX(B11:C11) -> 88
A12: 안동휘 | B12: 93 | C12: 87 | D12: =B12 -> 93 | E12: =LOOKUP(9.99E+307,B12:C12) -> 87 | F12: =E12-D12 -> -6 | G12: =AVERAGE(B12:C12) -> 90 | H12: =MAX(B12:C12) -> 93
A13: 나민하 | B13: 74 | D13: =B13 -> 74 | E13: =LOOKUP(9.99E+307,B13:C13) -> 74 | F13: =E13-D13 -> 0 | G13: =AVERAGE(B13:C13) -> 74 | H13: =MAX(B13:C13) -> 74
A14: 반 평균 | B14: =AVERAGE(B10:B13) -> 85.25 | C14: =AVERAGE(C10:C13) -> 87.666667 | D14: =B14 -> 85.25 | E14: =C14 -> 87.666667 | F14: =E14-D14 -> 2.4166667 | G14: =AVERAGE(B10:C13) -> 86.285714 | H14: =MAX(B14:C14) -> 87.666667
A15: 등급 기준: 90점 이상 1등급, 80~89점 2등급, 70~79점 3등급, 60~69점 4등급 (절대평가)
