Workbook

Sheet 안내
A1: 김건희 반 시험 수준별 성적 변화 (2020–2022)
A2: 대상: 2020 1M-A 1차 모의고사 상위 4명 (김건희, 안도후, 안동휘, 나민하) · Metta 영어 전문학원 성적표 사진에서 옮김
A4: 시트 구성
A5: · 요약: 시험 수준별·영역별 반 평균의 첫 시험 → 마지막 시험 변화
A6: · 고1 모의고사: 중1(2020) 1·2·3·4·5차, 중2(2021) 1·2차 · 듣기·독해·총점 표와 그래프
A7: · 고2 모의고사: 중2(2021) 3·4차, 중3(2022) 1·2차 · 듣기·독해·총점 표와 그래프
A8: · 고3 모의고사·수능: 중3(2022) 3·4차 · 듣기·독해·총점 표와 그래프
A10: 읽는 법
A11: · 듣기 17문항, 독해 28문항 기준 맞은 개수 · 총점 100점
A12: · 파란 글씨 = 성적표에서 옮긴 값(고치면 계산과 그래프가 바뀜) · 검은 글씨 = 계산식 · 초록 글씨 = 다른 시트 값
A14: 참고
A15: · 중2 1·2차는 성적표에 시험 수준 표기가 없습니다. 3차부터 "고2 모의고사"로 표기되어 있어 1·2차는 고1 모의고사로 분류했습니다.
... A17: · 나민하는 2023학년도 수능 날이 기말고사 기간이라 응시하지 않았습니다(빈칸).

Sheet 요약
A1: 김건희 반 · 시험 수준별 반 평균 변화
A2: 초록 글씨 = 각 시트의 반 평균 행에서 가져온 값
A4: 시험 수준 | B4: 영역 | C4: 첫 시험 평균 | D4: 마지막 시험 평균 | E4: 변화
A5: 고1 모의고사 | B5: 총점 | C5: ='고1 모의고사'!I10 -> 62.75 | D5: ='고1 모의고사'!J10 -> 91.25 | E5: =D5-C5 -> 28.5
A6: 고1 모의고사 | B6: 듣기 | C6: ='고1 모의고사'!I18 -> 16 | D6: ='고1 모의고사'!J18 -> 16.75 | E6: =D6-C6 -> 0.75
A7: 고1 모의고사 | B7: 독해 | C7: ='고1 모의고사'!I26 -> 17.5 | D7: ='고1 모의고사'!J26 -> 24.5 | E7: =D7-C7 -> 7
A8: 고2 모의고사 | B8: 총점 | C8: ='고2 모의고사'!F10 -> 83.25 | D8: ='고2 모의고사'!G10 -> 84.25 | E8: =D8-C8 -> 1
A9: 고2 모의고사 | B9: 듣기 | C9: ='고2 모의고사'!F18 -> 16.75 | D9: ='고2 모의고사'!G18 -> 16.75 | E9: =D9-C9 -> 0
A10: 고2 모의고사 | B10: 독해 | C10: ='고2 모의고사'!F26 -> 21.75 | D10: ='고2 모의고사'!G26 -> 21.75 | E10: =D10-C10 -> 0
A11: 고3 모의고사·수능 | B11: 총점 | C11: ='고3 모의고사_수능'!D10 -> 85.25 | D11: ='고3 모의고사_수능'!E10 -> 87.666667 | E11: =D11-C11 -> 2.4166667
A12: 고3 모의고사·수능 | B12: 듣기 | C12: ='고3 모의고사_수능'!D18 -> 16.75 | D12: ='고3 모의고사_수능'!E18 -> 17 | E12: =D12-C12 -> 0.25
A13: 고3 모의고사·수능 | B13: 독해 | C13: ='고3 모의고사_수능'!D26 -> 22.25 | D13: ='고3 모의고사_수능'!E26 -> 23 | E13: =D13-C13 -> 0.75

Sheet 고1 모의고사
A1: 김건희 반 · 고1 모의고사 성적 변화
A2: 중1(2020) 1·2·3·4·5차, 중2(2021) 1·2차 · 파란 글씨 = 성적표 입력값, 검은 글씨 = 계산식, 빈칸 = 기록 없음/미응시
A4: 총점 (점 / 100)
A5: 학생 | B5: 중1 1차 고1 모의고사 | C5: 중1 2차 고1 모의고사 | D5: 중1 3차 고1 모의고사 | E5: 중1 4차 고1 모의고사 | F5: 중1 5차 고1 모의고사 | G5: 중2 1차 수준 표기 없음 | H5: 중2 2차 수준 표기 없음 | I5: 첫 시험 | J5: 마지막 시험 | K5: 변화
A6: 김건희 | B6: 69 | C6: 75 | D6: 76 | E6: 90 | F6: 73 | G6: 82 | H6: 95 | I6: =B6 -> 69 | J6: =LOOKUP(9.99E+307,B6:H6) -> 95 | K6: =J6-I6 -> 26
A7: 안도후 | B7: 67 | C7: 66 | D7: 72 | E7: 81 | F7: 84 | G7: 83 | H7: 93 | I7: =B7 -> 67 | J7: =LOOKUP(9.99E+307,B7:H7) -> 93 | K7: =J7-I7 -> 26
A8: 안동휘 | B8: 58 | C8: 73 | D8: 75 | E8: 78 | F8: 77 | G8: 77 | H8: 90 | I8: =B8 -> 58 | J8: =LOOKUP(9.99E+307,B8:H8) -> 90 | K8: =J8-I8 -> 32
A9: 나민하 | B9: 57 | C9: 79 | D9: 76 | E9: 71 | F9: 80 | G9: 74 | H9: 87 | I9: =B9 -> 57 | J9: =LOOKUP(9.99E+307,B9:H9) -> 87 | K9: =J9-I9 -> 30
A10: 반 평균 | B10: =IF(COUNT(B6:B9)=0,"",AVERAGE(B6:B9)) -> 62.75 | C10: =IF(COUNT(C6:C9)=0,"",AVERAGE(C6:C9)) -> 73.25 | D10: =IF(COUNT(D6:D9)=0,"",AVERAGE(D6:D9)) -> 74.75 | E10: =IF(COUNT(E6:E9)=0,"",AVERAGE(E6:E9)) -> 80 | F10: =IF(COUNT(F6:F9)=0,"",AVERAGE(F6:F9)) -> 78.5 | G10: =IF(COUNT(G6:G9)=0,"",AVERAGE(G6:G9)) -> 79 | H10: =IF(COUNT(H6:H9)=0,"",AVERAGE(H6:H9)) -> 91.25 | I10: =B10 -> 62.75 | J10: =LOOKUP(9.99E+307,B10:H10) -> 91.25 | K10: =J10-I10 -> 28.5
A12: 듣기 (맞은 개수 / 17)
A13: 학생 | B13: 중1 1차 고1 모의고사 | C13: 중1 2차 고1 모의고사 | D13: 중1 3차 고1 모의고사 | E13: 중1 4차 고1 모의고사 | F13: 중1 5차 고1 모의고사 | G13: 중2 1차 수준 표기 없음 | H13: 중2 2차 수준 표기 없음 | I13: 첫 시험 | J13: 마지막 시험 | K13: 변화
A14: 김건희 | C14: 16 | D14: 17 | E14: 17 | F14: 16 | G14: 17 | H14: 17 | I14: =C14 -> 16 | J14: =LOOKUP(9.99E+307,B14:H14) -> 17 | K14: =J14-I14 -> 1
A15: 안도후 | C15: 15 | D15: 16 | E15: 17 | F15: 17 | G15: 17 | H15: 17 | I15: =C15 -> 15 | J15: =LOOKUP(9.99E+307,B15:H15) -> 17 | K15: =J15-I15 -> 2
A16: 안동휘 | C16: 17 | D16: 17 | E16: 17 | F16: 16 | G16: 17 | H16: 17 | I16: =C16 -> 17 | J16: =LOOKUP(9.99E+307,B16:H16) -> 17 | K16: =J16-I16 -> 0
A17: 나민하 | C17: 16 | D17: 17 | E17: 15 | F17: 17 | G17: 16 | H17: 16 | I17: =C17 -> 16 | J17: =LOOKUP(9.99E+307,B17:H17) -> 16 | K17: =J17-I17 -> 0
A18: 반 평균 | B18: =IF(COUNT(B14:B17)=0,"",AVERAGE(B14:B17)) | C18: =IF(COUNT(C14:C17)=0,"",AVERAGE(C14:C17)) -> 16 | D18: =IF(COUNT(D14:D17)=0,"",AVERAGE(D14:D17)) -> 16.75 | E18: =IF(COUNT(E14:E17)=0,"",AVERAGE(E14:E17)) -> 16.5 | F18: =IF(COUNT(F14:F17)=0,"",AVERAGE(F14:F17)) -> 16.5 | G18: =IF(COUNT(G14:G17)=0,"",AVERAGE(G14:G17)) -> 16.75 | H18: =IF(COUNT(H14:H17)=0,"",AVERAGE(H14:H17)) -> 16.75 | I18: =C18 -> 16 | J18: =LOOKUP(9.99E+307,B18:H18) -> 16.75 | K18: =J18-I18 -> 0.75
A20: 독해 (맞은 개수 / 28)
A21: 학생 | B21: 중1 1차 고1 모의고사 | C21: 중1 2차 고1 모의고사 | D21: 중1 3차 고1 모의고사 | E21: 중1 4차 고1 모의고사 | F21: 중1 5차 고1 모의고사 | G21: 중2 1차 수준 표기 없음 | H21: 중2 2차 수준 표기 없음 | I21: 첫 시험 | J21: 마지막 시험 | K21: 변화
A22: 김건희 | C22: 18 | D22: 19 | E22: 24 | F22: 18 | G22: 21 | H22: 26 | I22: =C22 -> 18 | J22: =LOOKUP(9.99E+307,B22:H22) -> 26 | K22: =J22-I22 -> 8
A23: 안도후 | C23: 16 | D23: 18 | E23: 20 | F23: 21 | G23: 21 | H23: 25 | I23: =C23 -> 16 | J23: =LOOKUP(9.99E+307,B23:H23) -> 25 | K23: =J23-I23 -> 9
A24: 안동휘 | C24: 16 | D24: 18 | E24: 18 | F24: 19 | G24: 19 | H24: 24 | I24: =C24 -> 16 | J24: =LOOKUP(9.99E+307,B24:H24) -> 24 | K24: =J24-I24 -> 8
A25: 나민하 | C25: 20 | D25: 18 | E25: 17 | F25: 19 | G25: 18 | H25: 23 | I25: =C25 -> 20 | J25: =LOOKUP(9.99E+307,B25:H25) -> 23 | K25: =J25-I25 -> 3
A26: 반 평균 | B26: =IF(COUNT(B22:B25)=0,"",AVERAGE(B22:B25)) | C26: =IF(COUNT(C22:C25)=0,"",AVERAGE(C22:C25)) -> 17.5 | D26: =IF(COUNT(D22:D25)=0,"",AVERAGE(D22:D25)) -> 18.25 | E26: =IF(COUNT(E22:E25)=0,"",AVERAGE(E22:E25)) -> 19.75 | F26: =IF(COUNT(F22:F25)=0,"",AVERAGE(F22:F25)) -> 19.25 | G26: =IF(COUNT(G22:G25)=0,"",AVERAGE(G22:G25)) -> 19.75 | H26: =IF(COUNT(H22:H25)=0,"",AVERAGE(H22:H25)) -> 24.5 | I26: =C26 -> 17.5 | J26: =LOOKUP(9.99E+307,B26:H26) -> 24.5 | K26: =J26-I26 -> 7

Sheet 고2 모의고사
A1: 김건희 반 · 고2 모의고사 성적 변화
A2: 중2(2021) 3·4차, 중3(2022) 1·2차 · 파란 글씨 = 성적표 입력값, 검은 글씨 = 계산식, 빈칸 = 기록 없음/미응시
A4: 총점 (점 / 100)
A5: 학생 | B5: 중2 3차 고2 모의고사 | C5: 중2 4차 고2 모의고사 | D5: 중3 1차 고2 모의고사 | E5: 중3 2차 고2 모의고사 | F5: 첫 시험 | G5: 마지막 시험 | H5: 변화
A6: 김건희 | B6: 87 | C6: 86 | D6: 80 | E6: 84 | F6: =B6 -> 87 | G6: =LOOKUP(9.99E+307,B6:E6) -> 84 | H6: =G6-F6 -> -3
A7: 안도후 | B7: 82 | C7: 77 | D7: 79 | E7: 80 | F7: =B7 -> 82 | G7: =LOOKUP(9.99E+307,B7:E7) -> 80 | H7: =G7-F7 -> -2
A8: 안동휘 | B8: 80 | C8: 81 | D8: 91 | E8: 87 | F8: =B8 -> 80 | G8: =LOOKUP(9.99E+307,B8:E8) -> 87 | H8: =G8-F8 -> 7
A9: 나민하 | B9: 84 | C9: 89 | D9: 74 | E9: 86 | F9: =B9 -> 84 | G9: =LOOKUP(9.99E+307,B9:E9) -> 86 | H9: =G9-F9 -> 2
A10: 반 평균 | B10: =IF(COUNT(B6:B9)=0,"",AVERAGE(B6:B9)) -> 83.25 | C10: =IF(COUNT(C6:C9)=0,"",AVERAGE(C6:C9)) -> 83.25 | D10: =IF(COUNT(D6:D9)=0,"",AVERAGE(D6:D9)) -> 81 | E10: =IF(COUNT(E6:E9)=0,"",AVERAGE(E6:E9)) -> 84.25 | F10: =B10 -> 83.25 | G10: =LOOKUP(9.99E+307,B10:E10) -> 84.25 | H10: =G10-F10 -> 1
A12: 듣기 (맞은 개수 / 17)
A13: 학생 | B13: 중2 3차 고2 모의고사 | C13: 중2 4차 고2 모의고사 | D13: 중3 1차 고2 모의고사 | E13: 중3 2차 고2 모의고사 | F13: 첫 시험 | G13: 마지막 시험 | H13: 변화
A14: 김건희 | B14: 17 | C14: 16 | D14: 16 | E14: 17 | F14: =B14 -> 17 | G14: =LOOKUP(9.99E+307,B14:E14) -> 17 | H14: =G14-F14 -> 0
A15: 안도후 | B15: 17 | C15: 17 | D15: 17 | E15: 17 | F15: =B15 -> 17 | G15: =LOOKUP(9.99E+307,B15:E15) -> 17 | H15: =G15-F15 -> 0
A16: 안동휘 | B16: 17 | C16: 17 | D16: 17 | E16: 17 | F16: =B16 -> 17 | G16: =LOOKUP(9.99E+307,B16:E16) -> 17 | H16: =G16-F16 -> 0
A17: 나민하 | B17: 16 | C17: 17 | D17: 14 | E17: 16 | F17: =B17 -> 16 | G17: =LOOKUP(9.99E+307,B17:E17) -> 16 | H17: =G17-F17 -> 0
A18: 반 평균 | B18: =IF(COUNT(B14:B17)=0,"",AVERAGE(B14:B17)) -> 16.75 | C18: =IF(COUNT(C14:C17)=0,"",AVERAGE(C14:C17)) -> 16.75 | D18: =IF(COUNT(D14:D17)=0,"",AVERAGE(D14:D17)) -> 16 | E18: =IF(COUNT(E14:E17)=0,"",AVERAGE(E14:E17)) -> 16.75 | F18: =B18 -> 16.75 | G18: =LOOKUP(9.99E+307,B18:E18) -> 16.75 | H18: =G18-F18 -> 0
A20: 독해 (맞은 개수 / 28)
A21: 학생 | B21: 중2 3차 고2 모의고사 | C21: 중2 4차 고2 모의고사 | D21: 중3 1차 고2 모의고사 | E21: 중3 2차 고2 모의고사 | F21: 첫 시험 | G21: 마지막 시험 | H21: 변화
A22: 김건희 | B22: 23 | C22: 23 | D22: 20 | E22: 21 | F22: =B22 -> 23 | G22: =LOOKUP(9.99E+307,B22:E22) -> 21 | H22: =G22-F22 -> -2
A23: 안도후 | B23: 21 | C23: 19 | D23: 19 | E23: 20 | F23: =B23 -> 21 | G23: =LOOKUP(9.99E+307,B23:E23) -> 20 | H23: =G23-F23 -> -1
A24: 안동휘 | B24: 20 | C24: 20 | D24: 24 | E24: 23 | F24: =B24 -> 20 | G24: =LOOKUP(9.99E+307,B24:E24) -> 23 | H24: =G24-F24 -> 3
A25: 나민하 | B25: 23 | C25: 24 | D25: 20 | E25: 23 | F25: =B25 -> 23 | G25: =LOOKUP(9.99E+307,B25:E25) -> 23 | H25: =G25-F25 -> 0
A26: 반 평균 | B26: =IF(COUNT(B22:B25)=0,"",AVERAGE(B22:B25)) -> 21.75 | C26: =IF(COUNT(C22:C25)=0,"",AVERAGE(C22:C25)) -> 21.5 | D26: =IF(COUNT(D22:D25)=0,"",AVERAGE(D22:D25)) -> 20.75 | E26: =IF(COUNT(E22:E25)=0,"",AVERAGE(E22:E25)) -> 21.75 | F26: =B26 -> 21.75 | G26: =LOOKUP(9.99E+307,B26:E26) -> 21.75 | H26: =G26-F26 -> 0

Sheet 고3 모의고사_수능
A1: 김건희 반 · 고3 모의고사·수능 성적 변화
A2: 중3(2022) 3·4차 · 파란 글씨 = 성적표 입력값, 검은 글씨 = 계산식, 빈칸 = 기록 없음/미응시
A4: 총점 (점 / 100)
A5: 학생 | B5: 중3 3차 고3 모의고사 | C5: 중3 4차 수능 | D5: 첫 시험 | E5: 마지막 시험 | F5: 변화
A6: 김건희 | B6: 86 | C6: 88 | D6: =B6 -> 86 | E6: =LOOKUP(9.99E+307,B6:C6) -> 88 | F6: =E6-D6 -> 2
A7: 안도후 | B7: 88 | C7: 88 | D7: =B7 -> 88 | E7: =LOOKUP(9.99E+307,B7:C7) -> 88 | F7: =E7-D7 -> 0
A8: 안동휘 | B8: 93 | C8: 87 | D8: =B8 -> 93 | E8: =LOOKUP(9.99E+307,B8:C8) -> 87 | F8: =E8-D8 -> -6
A9: 나민하 | B9: 74 | D9: =B9 -> 74 | E9: =LOOKUP(9.99E+307,B9:C9) -> 74 | F9: =E9-D9 -> 0
A10: 반 평균 | B10: =IF(COUNT(B6:B9)=0,"",AVERAGE(B6:B9)) -> 85.25 | C10: =IF(COUNT(C6:C9)=0,"",AVERAGE(C6:C9)) -> 87.666667 | D10: =B10 -> 85.25 | E10: =LOOKUP(9.99E+307,B10:C10) -> 87.666667 | F10: =E10-D10 -> 2.4166667
A12: 듣기 (맞은 개수 / 17)
A13: 학생 | B13: 중3 3차 고3 모의고사 | C13: 중3 4차 수능 | D13: 첫 시험 | E13: 마지막 시험 | F13: 변화
A14: 김건희 | B14: 17 | C14: 17 | D14: =B14 -> 17 | E14: =LOOKUP(9.99E+307,B14:C14) -> 17 | F14: =E14-D14 -> 0
A15: 안도후 | B15: 17 | C15: 17 | D15: =B15 -> 17 | E15: =LOOKUP(9.99E+307,B15:C15) -> 17 | F15: =E15-D15 -> 0
A16: 안동휘 | B16: 17 | C16: 17 | D16: =B16 -> 17 | E16: =LOOKUP(9.99E+307,B16:C16) -> 17 | F16: =E16-D16 -> 0
A17: 나민하 | B17: 16 | D17: =B17 -> 16 | E17: =LOOKUP(9.99E+307,B17:C17) -> 16 | F17: =E17-D17 -> 0
A18: 반 평균 | B18: =IF(COUNT(B14:B17)=0,"",AVERAGE(B14:B17)) -> 16.75 | C18: =IF(COUNT(C14:C17)=0,"",AVERAGE(C14:C17)) -> 17 | D18: =B18 -> 16.75 | E18: =LOOKUP(9.99E+307,B18:C18) -> 17 | F18: =E18-D18 -> 0.25
A20: 독해 (맞은 개수 / 28)
A21: 학생 | B21: 중3 3차 고3 모의고사 | C21: 중3 4차 수능 | D21: 첫 시험 | E21: 마지막 시험 | F21: 변화
A22: 김건희 | B22: 23 | C22: 23 | D22: =B22 -> 23 | E22: =LOOKUP(9.99E+307,B22:C22) -> 23 | F22: =E22-D22 -> 0
A23: 안도후 | B23: 23 | C23: 23 | D23: =B23 -> 23 | E23: =LOOKUP(9.99E+307,B23:C23) -> 23 | F23: =E23-D23 -> 0
A24: 안동휘 | B24: 25 | C24: 23 | D24: =B24 -> 25 | E24: =LOOKUP(9.99E+307,B24:C24) -> 23 | F24: =E24-D24 -> -2
A25: 나민하 | B25: 18 | D25: =B25 -> 18 | E25: =LOOKUP(9.99E+307,B25:C25) -> 18 | F25: =E25-D25 -> 0
A26: 반 평균 | B26: =IF(COUNT(B22:B25)=0,"",AVERAGE(B22:B25)) -> 22.25 | C26: =IF(COUNT(C22:C25)=0,"",AVERAGE(C22:C25)) -> 23 | D26: =B26 -> 22.25 | E26: =LOOKUP(9.99E+307,B26:C26) -> 23 | F26: =E26-D26 -> 0.75
