Workbook

Sheet 총점 성장 요약
A1: 이서연 반 · 시험 수준별 총점 성장
A3: ■ 시험이 고1 → 고2 순서로 어려워지는데도, 그룹별 반 평균 총점은 고1 75.3점 → 고2 81.2점으로 계속 올랐습니다.
A4: ■ 중1 첫 고1 모의고사 반 평균은 65.0점이었습니다. 마지막 그룹 평균은 그보다 +16.2점 높습니다.
A5: ■ 학생 6명 중 5명(김지수, 이서연, 황재성, 서예준, 이시원)은 그룹이 올라갈 때마다 평균 점수도 올랐습니다.
A6: ■ 나머지: 김채율(76.5 → 76.0) — 그룹 안에서 시험마다 점수 차이가 큰 학생입니다.
A7: ■ 그룹 평균 = 그 수준 시험을 본 모든 회차 점수의 평균. 각 그룹 시트에 시험별 점수와 첫 시험 → 마지막 시험 변화가 있습니다.
A9: 학생 | B9: 중1 첫 시험 | C9: 고1 모의고사 평균 | D9: 고2 모의고사 평균 | E9: 첫 시험 → 마지막 그룹 평균
A10: 김지수 | B10: ='고1 모의고사'!B9 -> 63 | C10: ='고1 모의고사'!K9 -> 66.666667 | D10: ='고2 모의고사'!C8 -> 77 | E10: =D10-B10 -> 14
A11: 김채율 | B11: ='고1 모의고사'!B10 -> 59 | C11: ='고1 모의고사'!K10 -> 76.5 | D11: ='고2 모의고사'!C9 -> 76 | E11: =D11-B11 -> 17
A12: 이서연 | B12: ='고1 모의고사'!B11 -> 88 | C12: ='고1 모의고사'!K11 -> 92.333333 | D12: ='고2 모의고사'!C10 -> 95 | E12: =D12-B12 -> 7
A13: 황재성 | B13: ='고1 모의고사'!B12 -> 67 | C13: ='고1 모의고사'!K12 -> 77.5 | D13: ='고2 모의고사'!C11 -> 82 | E13: =D13-B13 -> 15
A14: 서예준 | B14: ='고1 모의고사'!B13 -> 51 | C14: ='고1 모의고사'!K13 -> 69.5 | D14: ='고2 모의고사'!C12 -> 80 | E14: =D14-B14 -> 29
A15: 이시원 | B15: ='고1 모의고사'!B14 -> 62 | C15: ='고1 모의고사'!K14 -> 69 | D15: ='고2 모의고사'!C13 -> 77 | E15: =D15-B15 -> 15
A16: 반 평균 | B16: ='고1 모의고사'!B15 -> 65 | C16: ='고1 모의고사'!K15 -> 75.25 | D16: ='고2 모의고사'!C14 -> 81.166667 | E16: =D16-B16 -> 16.166667
A18: 등급 기준: 90점 이상 1등급, 80~89점 2등급, 70~79점 3등급, 60~69점 4등급 · 파란 글씨 = 성적표 입력값, 초록 = 다른 시트 값, 검은 = 계산식

Sheet 고1 모의고사
A1: 이서연 반 · 고1 모의고사 총점 변화
A3: ■ 시험 6회: 중1 1차 (2025) 고1, 중1 2차 (2025) 고1, 중1 3차 (2025) 고1, 중1 4차 (2025) 고1, 중2 1차 (2026) 고1, 중2 2차 (2026) 고1
A4: ■ 반 평균 총점: 첫 시험 65.0점 → 마지막 시험 79.2점 (+14.2점)
A5: ■ 등급: 첫 시험 2등급 1명, 4등급 3명, 5등급 2명 → 마지막 시험 1등급 1명, 2등급 1명, 3등급 4명
A6: ■ 가장 많이 오른 학생: 서예준 51점 → 82점 (+31점)
A8: 학생 | B8: 중1 1차 (2025) 고1 | C8: 중1 2차 (2025) 고1 | D8: 중1 3차 (2025) 고1 | E8: 중1 4차 (2025) 고1 | F8: 중2 1차 (2026) 고1 | G8: 중2 2차 (2026) 고1 | H8: 첫 시험 | I8: 마지막 시험 | J8: 변화 | K8: 평균 | L8: 최고
A9: 김지수 | B9: 63 | C9: 67 | D9: 68 | E9: 61 | F9: 66 | G9: 75 | H9: =B9 -> 63 | I9: =LOOKUP(9.99E+307,B9:G9) -> 75 | J9: =I9-H9 -> 12 | K9: =AVERAGE(B9:G9) -> 66.666667 | L9: =MAX(B9:G9) -> 75
A10: 김채율 | B10: 59 | C10: 86 | D10: 76 | E10: 78 | F10: 87 | G10: 73 | H10: =B10 -> 59 | I10: =LOOKUP(9.99E+307,B10:G10) -> 73 | J10: =I10-H10 -> 14 | K10: =AVERAGE(B10:G10) -> 76.5 | L10: =MAX(B10:G10) -> 87
A11: 이서연 | B11: 88 | C11: 94 | D11: 91 | E11: 94 | F11: 87 | G11: 100 | H11: =B11 -> 88 | I11: =LOOKUP(9.99E+307,B11:G11) -> 100 | J11: =I11-H11 -> 12 | K11: =AVERAGE(B11:G11) -> 92.333333 | L11: =MAX(B11:G11) -> 100
A12: 황재성 | B12: 67 | C12: 74 | D12: 71 | E12: 91 | F12: 88 | G12: 74 | H12: =B12 -> 67 | I12: =LOOKUP(9.99E+307,B12:G12) -> 74 | J12: =I12-H12 -> 7 | K12: =AVERAGE(B12:G12) -> 77.5 | L12: =MAX(B12:G12) -> 91
A13: 서예준 | B13: 51 | C13: 57 | D13: 68 | E13: 86 | F13: 73 | G13: 82 | H13: =B13 -> 51 | I13: =LOOKUP(9.99E+307,B13:G13) -> 82 | J13: =I13-H13 -> 31 | K13: =AVERAGE(B13:G13) -> 69.5 | L13: =MAX(B13:G13) -> 86
A14: 이시원 | B14: 62 | C14: 61 | D14: 69 | E14: 78 | F14: 73 | G14: 71 | H14: =B14 -> 62 | I14: =LOOKUP(9.99E+307,B14:G14) -> 71 | J14: =I14-H14 -> 9 | K14: =AVERAGE(B14:G14) -> 69 | L14: =MAX(B14:G14) -> 78
A15: 반 평균 | B15: =AVERAGE(B9:B14) -> 65 | C15: =AVERAGE(C9:C14) -> 73.166667 | D15: =AVERAGE(D9:D14) -> 73.833333 | E15: =AVERAGE(E9:E14) -> 81.333333 | F15: =AVERAGE(F9:F14) -> 79 | G15: =AVERAGE(G9:G14) -> 79.166667 | H15: =B15 -> 65 | I15: =G15 -> 79.166667 | J15: =I15-H15 -> 14.166667 | K15: =AVERAGE(B9:G14) -> 75.25 | L15: =MAX(B15:G15) -> 81.333333
A16: 등급 기준: 90점 이상 1등급, 80~89점 2등급, 70~79점 3등급, 60~69점 4등급 (절대평가)

Sheet 고2 모의고사
A1: 이서연 반 · 고2 모의고사 총점 변화
A3: ■ 시험 1회: 중2 3차 (2026) 고2
A4: ■ 반 평균 총점 81.2점 · 등급: 1등급 1명, 2등급 2명, 3등급 3명
A5: ■ 고2 모의고사는 아직 1회(중2 3차)뿐입니다. 이서연 반은 현재 중2라 고3 모의고사는 아직 보지 않았습니다.
A7: 학생 | B7: 중2 3차 (2026) 고2 | C7: 평균
A8: 김지수 | B8: 77 | C8: =AVERAGE(B8:B8) -> 77
A9: 김채율 | B9: 76 | C9: =AVERAGE(B9:B9) -> 76
A10: 이서연 | B10: 95 | C10: =AVERAGE(B10:B10) -> 95
A11: 황재성 | B11: 82 | C11: =AVERAGE(B11:B11) -> 82
A12: 서예준 | B12: 80 | C12: =AVERAGE(B12:B12) -> 80
A13: 이시원 | B13: 77 | C13: =AVERAGE(B13:B13) -> 77
A14: 반 평균 | B14: =AVERAGE(B8:B13) -> 81.166667 | C14: =AVERAGE(B8:B13) -> 81.166667
A15: 등급 기준: 90점 이상 1등급, 80~89점 2등급, 70~79점 3등급, 60~69점 4등급 (절대평가)
