Workbook

Sheet 안내
A1: 이서연 반 시험 수준별 성적 변화 (2025–2026)
A2: 대상: 2025 1M-A에서 2026 2M-A까지 다닌 6명 (김지수, 김채율, 이서연, 황재성, 서예준, 이시원) · Metta 영어 전문학원 성적표 사진에서 옮김
A4: 시트 구성
A5: · 요약: 시험 수준별·영역별 반 평균의 첫 시험 → 마지막 시험 변화
A6: · 고1 모의고사: 중1(2025) 1·2·3·4차, 중2(2026) 1·2차 · 듣기·독해·총점 표와 그래프
A7: · 고2 모의고사: 중2(2026) 3차 · 듣기·독해·총점 표와 그래프
A9: 읽는 법
A10: · 듣기 17문항, 독해 28문항 기준 맞은 개수 · 총점 100점
A11: · 파란 글씨 = 성적표에서 옮긴 값(고치면 계산과 그래프가 바뀜) · 검은 글씨 = 계산식 · 초록 글씨 = 다른 시트 값
A13: 참고
A14: · 중1 1·2차는 총점만 기록된 학생이 있어 듣기·독해 칸이 비어 있습니다. 고2 모의고사는 2026년 중2 3차 한 번뿐이라 그래프에 점 하나만 찍힙니다.
A15: · 이서연 반은 현재 중2라 고3 모의고사는 아직 보지 않았습니다.
A16: · 한재승(2026 합류), 김은혜·구승준·김가민(2026 미등록)은 제외했습니다.

Sheet 요약
A1: 이서연 반 · 시험 수준별 반 평균 변화
A2: 초록 글씨 = 각 시트의 반 평균 행에서 가져온 값
A4: 시험 수준 | B4: 영역 | C4: 첫 시험 평균 | D4: 마지막 시험 평균 | E4: 변화
A5: 고1 모의고사 | B5: 총점 | C5: ='고1 모의고사'!H12 -> 65 | D5: ='고1 모의고사'!I12 -> 79.166667 | E5: =D5-C5 -> 14.166667
A6: 고1 모의고사 | B6: 듣기 | C6: ='고1 모의고사'!H22 -> 15.8 | D6: ='고1 모의고사'!I22 -> 16.333333 | E6: =D6-C6 -> 0.53333333
A7: 고1 모의고사 | B7: 독해 | C7: ='고1 모의고사'!H32 -> 15 | D7: ='고1 모의고사'!I32 -> 20.333333 | E7: =D7-C7 -> 5.3333333
A8: 고2 모의고사 | B8: 총점 | C8: ='고2 모의고사'!C12 -> 81.166667 | D8: ='고2 모의고사'!D12 -> 81.166667 | E8: =D8-C8 -> 0
A9: 고2 모의고사 | B9: 듣기 | C9: ='고2 모의고사'!C22 -> 16.833333 | D9: ='고2 모의고사'!D22 -> 16.833333 | E9: =D9-C9 -> 0
A10: 고2 모의고사 | B10: 독해 | C10: ='고2 모의고사'!C32 -> 20.666667 | D10: ='고2 모의고사'!D32 -> 20.666667 | E10: =D10-C10 -> 0

Sheet 고1 모의고사
A1: 이서연 반 · 고1 모의고사 성적 변화
A2: 중1(2025) 1·2·3·4차, 중2(2026) 1·2차 · 파란 글씨 = 성적표 입력값, 검은 글씨 = 계산식, 빈칸 = 기록 없음/미응시
A4: 총점 (점 / 100)
A5: 학생 | B5: 중1 1차 고1 모의고사 | C5: 중1 2차 고1 모의고사 | D5: 중1 3차 고1 모의고사 | E5: 중1 4차 고1 모의고사 | F5: 중2 1차 고1 모의고사 | G5: 중2 2차 고1 모의고사 | H5: 첫 시험 | I5: 마지막 시험 | J5: 변화
A6: 김지수 | B6: 63 | C6: 67 | D6: 68 | E6: 61 | F6: 66 | G6: 75 | H6: =B6 -> 63 | I6: =LOOKUP(9.99E+307,B6:G6) -> 75 | J6: =I6-H6 -> 12
A7: 김채율 | B7: 59 | C7: 86 | D7: 76 | E7: 78 | F7: 87 | G7: 73 | H7: =B7 -> 59 | I7: =LOOKUP(9.99E+307,B7:G7) -> 73 | J7: =I7-H7 -> 14
A8: 이서연 | B8: 88 | C8: 94 | D8: 91 | E8: 94 | F8: 87 | G8: 100 | H8: =B8 -> 88 | I8: =LOOKUP(9.99E+307,B8:G8) -> 100 | J8: =I8-H8 -> 12
A9: 황재성 | B9: 67 | C9: 74 | D9: 71 | E9: 91 | F9: 88 | G9: 74 | H9: =B9 -> 67 | I9: =LOOKUP(9.99E+307,B9:G9) -> 74 | J9: =I9-H9 -> 7
A10: 서예준 | B10: 51 | C10: 57 | D10: 68 | E10: 86 | F10: 73 | G10: 82 | H10: =B10 -> 51 | I10: =LOOKUP(9.99E+307,B10:G10) -> 82 | J10: =I10-H10 -> 31
A11: 이시원 | B11: 62 | C11: 61 | D11: 69 | E11: 78 | F11: 73 | G11: 71 | H11: =B11 -> 62 | I11: =LOOKUP(9.99E+307,B11:G11) -> 71 | J11: =I11-H11 -> 9
A12: 반 평균 | B12: =IF(COUNT(B6:B11)=0,"",AVERAGE(B6:B11)) -> 65 | C12: =IF(COUNT(C6:C11)=0,"",AVERAGE(C6:C11)) -> 73.166667 | D12: =IF(COUNT(D6:D11)=0,"",AVERAGE(D6:D11)) -> 73.833333 | E12: =IF(COUNT(E6:E11)=0,"",AVERAGE(E6:E11)) -> 81.333333 | F12: =IF(COUNT(F6:F11)=0,"",AVERAGE(F6:F11)) -> 79 | G12: =IF(COUNT(G6:G11)=0,"",AVERAGE(G6:G11)) -> 79.166667 | H12: =B12 -> 65 | I12: =LOOKUP(9.99E+307,B12:G12) -> 79.166667 | J12: =I12-H12 -> 14.166667
A14: 듣기 (맞은 개수 / 17)
A15: 학생 | B15: 중1 1차 고1 모의고사 | C15: 중1 2차 고1 모의고사 | D15: 중1 3차 고1 모의고사 | E15: 중1 4차 고1 모의고사 | F15: 중2 1차 고1 모의고사 | G15: 중2 2차 고1 모의고사 | H15: 첫 시험 | I15: 마지막 시험 | J15: 변화
A16: 김지수 | B16: 14 | D16: 16 | E16: 16 | F16: 15 | G16: 16 | H16: =B16 -> 14 | I16: =LOOKUP(9.99E+307,B16:G16) -> 16 | J16: =I16-H16 -> 2
A17: 김채율 | B17: 17 | D17: 17 | E17: 15 | F17: 17 | G17: 17 | H17: =B17 -> 17 | I17: =LOOKUP(9.99E+307,B17:G17) -> 17 | J17: =I17-H17 -> 0
A18: 이서연 | B18: 17 | D18: 17 | E18: 17 | F18: 17 | G18: 17 | H18: =B18 -> 17 | I18: =LOOKUP(9.99E+307,B18:G18) -> 17 | J18: =I18-H18 -> 0
A19: 황재성 | B19: 15 | D19: 15 | E19: 17 | F19: 17 | G19: 15 | H19: =B19 -> 15 | I19: =LOOKUP(9.99E+307,B19:G19) -> 15 | J19: =I19-H19 -> 0
A20: 서예준 | B20: 16 | D20: 16 | E20: 16 | F20: 17 | G20: 17 | H20: =B20 -> 16 | I20: =LOOKUP(9.99E+307,B20:G20) -> 17 | J20: =I20-H20 -> 1
A21: 이시원 | D21: 16 | E21: 17 | F21: 17 | G21: 16 | H21: =D21 -> 16 | I21: =LOOKUP(9.99E+307,B21:G21) -> 16 | J21: =I21-H21 -> 0
A22: 반 평균 | B22: =IF(COUNT(B16:B21)=0,"",AVERAGE(B16:B21)) -> 15.8 | C22: =IF(COUNT(C16:C21)=0,"",AVERAGE(C16:C21)) | D22: =IF(COUNT(D16:D21)=0,"",AVERAGE(D16:D21)) -> 16.166667 | E22: =IF(COUNT(E16:E21)=0,"",AVERAGE(E16:E21)) -> 16.333333 | F22: =IF(COUNT(F16:F21)=0,"",AVERAGE(F16:F21)) -> 16.666667 | G22: =IF(COUNT(G16:G21)=0,"",AVERAGE(G16:G21)) -> 16.333333 | H22: =B22 -> 15.8 | I22: =LOOKUP(9.99E+307,B22:G22) -> 16.333333 | J22: =I22-H22 -> 0.53333333
A24: 독해 (맞은 개수 / 28)
A25: 학생 | B25: 중1 1차 고1 모의고사 | C25: 중1 2차 고1 모의고사 | D25: 중1 3차 고1 모의고사 | E25: 중1 4차 고1 모의고사 | F25: 중2 1차 고1 모의고사 | G25: 중2 2차 고1 모의고사 | H25: 첫 시험 | I25: 마지막 시험 | J25: 변화
A26: 김지수 | B26: 16 | D26: 16 | E26: 13 | F26: 16 | G26: 18 | H26: =B26 -> 16 | I26: =LOOKUP(9.99E+307,B26:G26) -> 18 | J26: =I26-H26 -> 2
A27: 김채율 | B27: 11 | D27: 18 | E27: 21 | F27: 23 | G27: 17 | H27: =B27 -> 11 | I27: =LOOKUP(9.99E+307,B27:G27) -> 17 | J27: =I27-H27 -> 6
A28: 이서연 | B28: 23 | D28: 24 | E28: 26 | F28: 23 | G28: 28 | H28: =B28 -> 23 | I28: =LOOKUP(9.99E+307,B28:G28) -> 28 | J28: =I28-H28 -> 5
A29: 황재성 | B29: 17 | D29: 18 | E29: 24 | F29: 24 | G29: 20 | H29: =B29 -> 17 | I29: =LOOKUP(9.99E+307,B29:G29) -> 20 | J29: =I29-H29 -> 3
A30: 서예준 | B30: 8 | D30: 16 | E30: 23 | F30: 18 | G30: 21 | H30: =B30 -> 8 | I30: =LOOKUP(9.99E+307,B30:G30) -> 21 | J30: =I30-H30 -> 13
A31: 이시원 | D31: 16 | E31: 19 | F31: 17 | G31: 18 | H31: =D31 -> 16 | I31: =LOOKUP(9.99E+307,B31:G31) -> 18 | J31: =I31-H31 -> 2
A32: 반 평균 | B32: =IF(COUNT(B26:B31)=0,"",AVERAGE(B26:B31)) -> 15 | C32: =IF(COUNT(C26:C31)=0,"",AVERAGE(C26:C31)) | D32: =IF(COUNT(D26:D31)=0,"",AVERAGE(D26:D31)) -> 18 | E32: =IF(COUNT(E26:E31)=0,"",AVERAGE(E26:E31)) -> 21 | F32: =IF(COUNT(F26:F31)=0,"",AVERAGE(F26:F31)) -> 20.166667 | G32: =IF(COUNT(G26:G31)=0,"",AVERAGE(G26:G31)) -> 20.333333 | H32: =B32 -> 15 | I32: =LOOKUP(9.99E+307,B32:G32) -> 20.333333 | J32: =I32-H32 -> 5.3333333

Sheet 고2 모의고사
A1: 이서연 반 · 고2 모의고사 성적 변화
A2: 중2(2026) 3차 · 파란 글씨 = 성적표 입력값, 검은 글씨 = 계산식, 빈칸 = 기록 없음/미응시
A4: 총점 (점 / 100)
A5: 학생 | B5: 중2 3차 고2 모의고사 | C5: 첫 시험 | D5: 마지막 시험 | E5: 변화
A6: 김지수 | B6: 77 | C6: =B6 -> 77 | D6: =LOOKUP(9.99E+307,B6:B6) -> 77 | E6: =D6-C6 -> 0
A7: 김채율 | B7: 76 | C7: =B7 -> 76 | D7: =LOOKUP(9.99E+307,B7:B7) -> 76 | E7: =D7-C7 -> 0
A8: 이서연 | B8: 95 | C8: =B8 -> 95 | D8: =LOOKUP(9.99E+307,B8:B8) -> 95 | E8: =D8-C8 -> 0
A9: 황재성 | B9: 82 | C9: =B9 -> 82 | D9: =LOOKUP(9.99E+307,B9:B9) -> 82 | E9: =D9-C9 -> 0
A10: 서예준 | B10: 80 | C10: =B10 -> 80 | D10: =LOOKUP(9.99E+307,B10:B10) -> 80 | E10: =D10-C10 -> 0
A11: 이시원 | B11: 77 | C11: =B11 -> 77 | D11: =LOOKUP(9.99E+307,B11:B11) -> 77 | E11: =D11-C11 -> 0
A12: 반 평균 | B12: =IF(COUNT(B6:B11)=0,"",AVERAGE(B6:B11)) -> 81.166667 | C12: =B12 -> 81.166667 | D12: =LOOKUP(9.99E+307,B12:B12) -> 81.166667 | E12: =D12-C12 -> 0
A14: 듣기 (맞은 개수 / 17)
A15: 학생 | B15: 중2 3차 고2 모의고사 | C15: 첫 시험 | D15: 마지막 시험 | E15: 변화
A16: 김지수 | B16: 17 | C16: =B16 -> 17 | D16: =LOOKUP(9.99E+307,B16:B16) -> 17 | E16: =D16-C16 -> 0
A17: 김채율 | B17: 16 | C17: =B17 -> 16 | D17: =LOOKUP(9.99E+307,B17:B17) -> 16 | E17: =D17-C17 -> 0
A18: 이서연 | B18: 17 | C18: =B18 -> 17 | D18: =LOOKUP(9.99E+307,B18:B18) -> 17 | E18: =D18-C18 -> 0
A19: 황재성 | B19: 17 | C19: =B19 -> 17 | D19: =LOOKUP(9.99E+307,B19:B19) -> 17 | E19: =D19-C19 -> 0
A20: 서예준 | B20: 17 | C20: =B20 -> 17 | D20: =LOOKUP(9.99E+307,B20:B20) -> 17 | E20: =D20-C20 -> 0
A21: 이시원 | B21: 17 | C21: =B21 -> 17 | D21: =LOOKUP(9.99E+307,B21:B21) -> 17 | E21: =D21-C21 -> 0
A22: 반 평균 | B22: =IF(COUNT(B16:B21)=0,"",AVERAGE(B16:B21)) -> 16.833333 | C22: =B22 -> 16.833333 | D22: =LOOKUP(9.99E+307,B22:B22) -> 16.833333 | E22: =D22-C22 -> 0
A24: 독해 (맞은 개수 / 28)
A25: 학생 | B25: 중2 3차 고2 모의고사 | C25: 첫 시험 | D25: 마지막 시험 | E25: 변화
A26: 김지수 | B26: 19 | C26: =B26 -> 19 | D26: =LOOKUP(9.99E+307,B26:B26) -> 19 | E26: =D26-C26 -> 0
A27: 김채율 | B27: 19 | C27: =B27 -> 19 | D27: =LOOKUP(9.99E+307,B27:B27) -> 19 | E27: =D27-C27 -> 0
A28: 이서연 | B28: 26 | C28: =B28 -> 26 | D28: =LOOKUP(9.99E+307,B28:B28) -> 26 | E28: =D28-C28 -> 0
A29: 황재성 | B29: 21 | C29: =B29 -> 21 | D29: =LOOKUP(9.99E+307,B29:B29) -> 21 | E29: =D29-C29 -> 0
A30: 서예준 | B30: 20 | C30: =B30 -> 20 | D30: =LOOKUP(9.99E+307,B30:B30) -> 20 | E30: =D30-C30 -> 0
A31: 이시원 | B31: 19 | C31: =B31 -> 19 | D31: =LOOKUP(9.99E+307,B31:B31) -> 19 | E31: =D31-C31 -> 0
A32: 반 평균 | B32: =IF(COUNT(B26:B31)=0,"",AVERAGE(B26:B31)) -> 20.666667 | C32: =B32 -> 20.666667 | D32: =LOOKUP(9.99E+307,B32:B32) -> 20.666667 | E32: =D32-C32 -> 0
